<?xml version = '1.0' encoding = 'UTF-8'?>
<Faults>
   <Fault>
      <severity>warning</severity>
      <loc>/ns:composite/ns:reference[@name='esbabonoempresaa_client']</loc>
      <line>233</line>
      <col>91</col>
      <file>C:\JDeveloper\mywork\RetoBBVA\SOAApp\SOA\composite.xml</file>
      <name>C:\JDeveloper\mywork\RetoBBVA\SOAApp\SOA\composite.xml</name>
      <fix/>
      <msg>Fallo al buscar el enlace "esbabonoempresaa_client":"null" en el gestor de WSDL</msg>
   </Fault>
   <Fault>
      <severity>warning</severity>
      <loc>/ns:composite/ns:reference[@name='esbabonoempresaa_client']</loc>
      <line>233</line>
      <col>91</col>
      <file>C:\JDeveloper\mywork\RetoBBVA\SOAApp\SOA\composite.xml</file>
      <name>C:\JDeveloper\mywork\RetoBBVA\SOAApp\SOA\composite.xml</name>
      <fix/>
      <msg>Fallo al buscar el enlace "esbabonoempresaa_client":"null" en el gestor de WSDL</msg>
   </Fault>
   <Fault>
      <severity>warning</severity>
      <loc>/ns:composite/ns:reference[@name='esbconsultacuentacliente_client_3']</loc>
      <line>241</line>
      <col>109</col>
      <file>C:\JDeveloper\mywork\RetoBBVA\SOAApp\SOA\composite.xml</file>
      <name>C:\JDeveloper\mywork\RetoBBVA\SOAApp\SOA\composite.xml</name>
      <fix/>
      <msg>Fallo al buscar el enlace "esbconsultacuentacliente_client_3":"null" en el gestor de WSDL</msg>
   </Fault>
   <Fault>
      <severity>warning</severity>
      <loc>/ns:composite/ns:reference[@name='esbconsultacuentacliente_client_3']</loc>
      <line>241</line>
      <col>109</col>
      <file>C:\JDeveloper\mywork\RetoBBVA\SOAApp\SOA\composite.xml</file>
      <name>C:\JDeveloper\mywork\RetoBBVA\SOAApp\SOA\composite.xml</name>
      <fix/>
      <msg>Fallo al buscar el enlace "esbconsultacuentacliente_client_3":"null" en el gestor de WSDL</msg>
   </Fault>
   <Fault>
      <severity>warning</severity>
      <loc>/ns:composite/ns:reference[@name='esbautorizasaldocliente_client']</loc>
      <line>249</line>
      <col>105</col>
      <file>C:\JDeveloper\mywork\RetoBBVA\SOAApp\SOA\composite.xml</file>
      <name>C:\JDeveloper\mywork\RetoBBVA\SOAApp\SOA\composite.xml</name>
      <fix/>
      <msg>Fallo al buscar el enlace "esbautorizasaldocliente_client":"null" en el gestor de WSDL</msg>
   </Fault>
   <Fault>
      <severity>warning</severity>
      <loc>/ns:composite/ns:reference[@name='esbautorizasaldocliente_client']</loc>
      <line>249</line>
      <col>105</col>
      <file>C:\JDeveloper\mywork\RetoBBVA\SOAApp\SOA\composite.xml</file>
      <name>C:\JDeveloper\mywork\RetoBBVA\SOAApp\SOA\composite.xml</name>
      <fix/>
      <msg>Fallo al buscar el enlace "esbautorizasaldocliente_client":"null" en el gestor de WSDL</msg>
   </Fault>
   <Fault>
      <severity>warning</severity>
      <loc>/ns:composite/ns:reference[@name='esbconsultacuentacliente_client_2']</loc>
      <line>217</line>
      <col>109</col>
      <file>C:\JDeveloper\mywork\RetoBBVA\SOAApp\SOA\composite.xml</file>
      <name>C:\JDeveloper\mywork\RetoBBVA\SOAApp\SOA\composite.xml</name>
      <fix/>
      <msg>Fallo al buscar el enlace "esbconsultacuentacliente_client_2":"null" en el gestor de WSDL</msg>
   </Fault>
   <Fault>
      <severity>warning</severity>
      <loc>/ns:composite/ns:reference[@name='esbconsultacuentacliente_client_2']</loc>
      <line>217</line>
      <col>109</col>
      <file>C:\JDeveloper\mywork\RetoBBVA\SOAApp\SOA\composite.xml</file>
      <name>C:\JDeveloper\mywork\RetoBBVA\SOAApp\SOA\composite.xml</name>
      <fix/>
      <msg>Fallo al buscar el enlace "esbconsultacuentacliente_client_2":"null" en el gestor de WSDL</msg>
   </Fault>
   <Fault>
      <severity>warning</severity>
      <loc>/ns:composite/ns:reference[@name='esbautorizatransferenciacuenta_client']</loc>
      <line>225</line>
      <col>119</col>
      <file>C:\JDeveloper\mywork\RetoBBVA\SOAApp\SOA\composite.xml</file>
      <name>C:\JDeveloper\mywork\RetoBBVA\SOAApp\SOA\composite.xml</name>
      <fix/>
      <msg>Fallo al buscar el enlace "esbautorizatransferenciacuenta_client":"null" en el gestor de WSDL</msg>
   </Fault>
   <Fault>
      <severity>warning</severity>
      <loc>/ns:composite/ns:reference[@name='esbautorizatransferenciacuenta_client']</loc>
      <line>225</line>
      <col>119</col>
      <file>C:\JDeveloper\mywork\RetoBBVA\SOAApp\SOA\composite.xml</file>
      <name>C:\JDeveloper\mywork\RetoBBVA\SOAApp\SOA\composite.xml</name>
      <fix/>
      <msg>Fallo al buscar el enlace "esbautorizatransferenciacuenta_client":"null" en el gestor de WSDL</msg>
   </Fault>
   <Fault>
      <severity>warning</severity>
      <loc>/ns:composite/ns:reference[@name='esbcargarsaldocliente_client']</loc>
      <line>257</line>
      <col>101</col>
      <file>C:\JDeveloper\mywork\RetoBBVA\SOAApp\SOA\composite.xml</file>
      <name>C:\JDeveloper\mywork\RetoBBVA\SOAApp\SOA\composite.xml</name>
      <fix/>
      <msg>Fallo al buscar el enlace "esbcargarsaldocliente_client":"null" en el gestor de WSDL</msg>
   </Fault>
   <Fault>
      <severity>warning</severity>
      <loc>/ns:composite/ns:reference[@name='esbcargarsaldocliente_client']</loc>
      <line>257</line>
      <col>101</col>
      <file>C:\JDeveloper\mywork\RetoBBVA\SOAApp\SOA\composite.xml</file>
      <name>C:\JDeveloper\mywork\RetoBBVA\SOAApp\SOA\composite.xml</name>
      <fix/>
      <msg>Fallo al buscar el enlace "esbcargarsaldocliente_client":"null" en el gestor de WSDL</msg>
   </Fault>
   <Fault>
      <severity>warning</severity>
      <loc>/ns:composite/ns:reference[@name='esbabonoempresaa_client_2']</loc>
      <line>265</line>
      <col>93</col>
      <file>C:\JDeveloper\mywork\RetoBBVA\SOAApp\SOA\composite.xml</file>
      <name>C:\JDeveloper\mywork\RetoBBVA\SOAApp\SOA\composite.xml</name>
      <fix/>
      <msg>Fallo al buscar el enlace "esbabonoempresaa_client_2":"null" en el gestor de WSDL</msg>
   </Fault>
   <Fault>
      <severity>warning</severity>
      <loc>/ns:composite/ns:reference[@name='esbabonoempresaa_client_2']</loc>
      <line>265</line>
      <col>93</col>
      <file>C:\JDeveloper\mywork\RetoBBVA\SOAApp\SOA\composite.xml</file>
      <name>C:\JDeveloper\mywork\RetoBBVA\SOAApp\SOA\composite.xml</name>
      <fix/>
      <msg>Fallo al buscar el enlace "esbabonoempresaa_client_2":"null" en el gestor de WSDL</msg>
   </Fault>
   <Fault>
      <severity>warning</severity>
      <loc>/ns:composite/ns:reference[@name='esbconsultacuentacliente_client']</loc>
      <line>209</line>
      <col>107</col>
      <file>C:\JDeveloper\mywork\RetoBBVA\SOAApp\SOA\composite.xml</file>
      <name>C:\JDeveloper\mywork\RetoBBVA\SOAApp\SOA\composite.xml</name>
      <fix/>
      <msg>Fallo al buscar el enlace "esbconsultacuentacliente_client":"null" en el gestor de WSDL</msg>
   </Fault>
   <Fault>
      <severity>warning</severity>
      <loc>/ns:composite/ns:reference[@name='esbconsultacuentacliente_client']</loc>
      <line>209</line>
      <col>107</col>
      <file>C:\JDeveloper\mywork\RetoBBVA\SOAApp\SOA\composite.xml</file>
      <name>C:\JDeveloper\mywork\RetoBBVA\SOAApp\SOA\composite.xml</name>
      <fix/>
      <msg>Fallo al buscar el enlace "esbconsultacuentacliente_client":"null" en el gestor de WSDL</msg>
   </Fault>
   <Fault>
      <severity>error</severity>
      <loc/>
      <line>81</line>
      <col/>
      <file>BPEL/ESBTransferenciaCuentaEmpresaA.bpel</file>
      <name>BPEL/ESBTransferenciaCuentaEmpresaA.bpel</name>
      <fix/>
      <msg>Element not completed: 'assign'</msg>
   </Fault>
   <Fault>
      <severity>error</severity>
      <loc/>
      <line>85</line>
      <col/>
      <file>BPEL/ESBTransferenciaCuentaEmpresaA.bpel</file>
      <name>BPEL/ESBTransferenciaCuentaEmpresaA.bpel</name>
      <fix/>
      <msg>Element not completed: 'assign'</msg>
   </Fault>
   <Fault>
      <severity>error</severity>
      <loc/>
      <line>93</line>
      <col/>
      <file>BPEL/ESBTransferenciaCuentaEmpresaA.bpel</file>
      <name>BPEL/ESBTransferenciaCuentaEmpresaA.bpel</name>
      <fix/>
      <msg>Element not completed: 'else'</msg>
   </Fault>
   <Fault>
      <severity>error</severity>
      <loc/>
      <line>74</line>
      <col/>
      <file>BPEL/ESBAutorizaTransferenciaCuenta.bpel</file>
      <name>BPEL/ESBAutorizaTransferenciaCuenta.bpel</name>
      <fix/>
      <msg>Element not completed: 'assign'</msg>
   </Fault>
   <Fault>
      <severity>error</severity>
      <loc/>
      <line>94</line>
      <col/>
      <file>BPEL/ESBRecargaSaldoEmpresaA.bpel</file>
      <name>BPEL/ESBRecargaSaldoEmpresaA.bpel</name>
      <fix/>
      <msg>Element not completed: 'else'</msg>
   </Fault>
</Faults>
