<?xml version="1.0" encoding="UTF-8"?>
<dgm:gDiagram xmlns:dgm="http://xmlns.oracle.com/sca/soadgm">
    <dgm:gService name="esbtransferenciacuenta_client_ep">
        <dgm:body borderWidth="2" arcRad="20" X="21" Y="1447" width="137" height="96">
            <dgm:borderColor r="153" g="153" b="153"/>
            <dgm:bgColor r="255" g="255" b="255"/>
        </dgm:body>
        <dgm:shadow arcRad="20" X="11" Y="1440" width="156" height="110">
            <dgm:bgColor r="196" g="228" b="240"/>
        </dgm:shadow>
        <dgm:outputPort name="esbtransferenciacuenta_client_ep" X="127" Y="0" diameter="20" imageURI="oracle/tip/tools/ide/fabric/resource/image/visuals_rd1/servicereference.png" interface="http://xmlns.oracle.com/RetoBBVA/SOAApp/ESBTransferenciaCuenta#wsdl.interface(ESBTransferenciaCuenta)" callbackInterface="http://xmlns.oracle.com/RetoBBVA/SOAApp/ESBTransferenciaCuenta#wsdl.interface(ESBTransferenciaCuentaCallback)"/>
        <dgm:nodeIcon URI="/oracle/tip/tools/ide/adapters/designtime/adapter/images/soap_service_20x20.png" X="20" Y="4" width="20" height="20"/>
        <dgm:operations>
            <dgm:item>process</dgm:item>
            <dgm:item>processResponse</dgm:item>
        </dgm:operations>
    </dgm:gService>
    <dgm:gService name="esbconsultacuentacliente_client_ep">
        <dgm:body borderWidth="2" arcRad="20" X="21" Y="1319" width="137" height="96">
            <dgm:borderColor r="153" g="153" b="153"/>
            <dgm:bgColor r="255" g="255" b="255"/>
        </dgm:body>
        <dgm:shadow arcRad="20" X="11" Y="1312" width="156" height="110">
            <dgm:bgColor r="196" g="228" b="240"/>
        </dgm:shadow>
        <dgm:outputPort name="esbconsultacuentacliente_client_ep" X="127" Y="0" diameter="20" imageURI="oracle/tip/tools/ide/fabric/resource/image/visuals_rd1/servicereference.png" interface="http://xmlns.oracle.com/RetoBBVA/SOAApp/ESBConsultaCuentaCliente#wsdl.interface(ESBConsultaCuentaCliente)" callbackInterface="http://xmlns.oracle.com/RetoBBVA/SOAApp/ESBConsultaCuentaCliente#wsdl.interface(ESBConsultaCuentaClienteCallback)"/>
        <dgm:nodeIcon URI="/oracle/tip/tools/ide/adapters/designtime/adapter/images/soap_service_20x20.png" X="20" Y="4" width="20" height="20"/>
        <dgm:operations>
            <dgm:item>process</dgm:item>
            <dgm:item>processResponse</dgm:item>
        </dgm:operations>
    </dgm:gService>
    <dgm:gService name="esbautorizatransferenciacuenta_client_ep">
        <dgm:body borderWidth="2" arcRad="20" X="21" Y="1158" width="137" height="96">
            <dgm:borderColor r="153" g="153" b="153"/>
            <dgm:bgColor r="255" g="255" b="255"/>
        </dgm:body>
        <dgm:shadow arcRad="20" X="11" Y="1151" width="156" height="110">
            <dgm:bgColor r="196" g="228" b="240"/>
        </dgm:shadow>
        <dgm:outputPort name="esbautorizatransferenciacuenta_client_ep" X="127" Y="0" diameter="20" imageURI="oracle/tip/tools/ide/fabric/resource/image/visuals_rd1/servicereference.png" interface="http://xmlns.oracle.com/RetoBBVA/SOAApp/ESBAutorizaTransferenciaCuenta#wsdl.interface(ESBAutorizaTransferenciaCuenta)" callbackInterface="http://xmlns.oracle.com/RetoBBVA/SOAApp/ESBAutorizaTransferenciaCuenta#wsdl.interface(ESBAutorizaTransferenciaCuentaCallback)"/>
        <dgm:nodeIcon URI="/oracle/tip/tools/ide/adapters/designtime/adapter/images/soap_service_20x20.png" X="20" Y="4" width="20" height="20"/>
        <dgm:operations>
            <dgm:item>process</dgm:item>
            <dgm:item>processResponse</dgm:item>
        </dgm:operations>
    </dgm:gService>
    <dgm:gService name="esbautorizasaldocliente_client_ep">
        <dgm:body borderWidth="2" arcRad="20" X="21" Y="1030" width="137" height="96">
            <dgm:borderColor r="153" g="153" b="153"/>
            <dgm:bgColor r="255" g="255" b="255"/>
        </dgm:body>
        <dgm:shadow arcRad="20" X="11" Y="1023" width="156" height="110">
            <dgm:bgColor r="196" g="228" b="240"/>
        </dgm:shadow>
        <dgm:outputPort name="esbautorizasaldocliente_client_ep" X="127" Y="0" diameter="20" imageURI="oracle/tip/tools/ide/fabric/resource/image/visuals_rd1/servicereference.png" interface="http://xmlns.oracle.com/RetoBBVA/SOAApp/ESBAutorizaSaldoCliente#wsdl.interface(ESBAutorizaSaldoCliente)" callbackInterface="http://xmlns.oracle.com/RetoBBVA/SOAApp/ESBAutorizaSaldoCliente#wsdl.interface(ESBAutorizaSaldoClienteCallback)"/>
        <dgm:nodeIcon URI="/oracle/tip/tools/ide/adapters/designtime/adapter/images/soap_service_20x20.png" X="20" Y="4" width="20" height="20"/>
        <dgm:operations>
            <dgm:item>process</dgm:item>
            <dgm:item>processResponse</dgm:item>
        </dgm:operations>
    </dgm:gService>
    <dgm:gService name="esbcargarsaldocliente_client_ep">
        <dgm:body borderWidth="2" arcRad="20" X="21" Y="902" width="137" height="96">
            <dgm:borderColor r="153" g="153" b="153"/>
            <dgm:bgColor r="255" g="255" b="255"/>
        </dgm:body>
        <dgm:shadow arcRad="20" X="11" Y="895" width="156" height="110">
            <dgm:bgColor r="196" g="228" b="240"/>
        </dgm:shadow>
        <dgm:outputPort name="esbcargarsaldocliente_client_ep" X="127" Y="0" diameter="20" imageURI="oracle/tip/tools/ide/fabric/resource/image/visuals_rd1/servicereference.png" interface="http://xmlns.oracle.com/RetoBBVA/SOAApp/ESBCargarSaldoCliente#wsdl.interface(ESBCargarSaldoCliente)" callbackInterface="http://xmlns.oracle.com/RetoBBVA/SOAApp/ESBCargarSaldoCliente#wsdl.interface(ESBCargarSaldoClienteCallback)"/>
        <dgm:nodeIcon URI="/oracle/tip/tools/ide/adapters/designtime/adapter/images/soap_service_20x20.png" X="20" Y="4" width="20" height="20"/>
        <dgm:operations>
            <dgm:item>process</dgm:item>
            <dgm:item>processResponse</dgm:item>
        </dgm:operations>
    </dgm:gService>
    <dgm:gService name="esbabonoempresaa_client_ep">
        <dgm:body borderWidth="2" arcRad="20" X="21" Y="774" width="137" height="96">
            <dgm:borderColor r="153" g="153" b="153"/>
            <dgm:bgColor r="255" g="255" b="255"/>
        </dgm:body>
        <dgm:shadow arcRad="20" X="11" Y="767" width="156" height="110">
            <dgm:bgColor r="196" g="228" b="240"/>
        </dgm:shadow>
        <dgm:outputPort name="esbabonoempresaa_client_ep" X="127" Y="0" diameter="20" imageURI="oracle/tip/tools/ide/fabric/resource/image/visuals_rd1/servicereference.png" interface="http://xmlns.oracle.com/RetoBBVA/SOAApp/ESBAbonoEmpresaA#wsdl.interface(ESBAbonoEmpresaA)" callbackInterface="http://xmlns.oracle.com/RetoBBVA/SOAApp/ESBAbonoEmpresaA#wsdl.interface(ESBAbonoEmpresaACallback)"/>
        <dgm:nodeIcon URI="/oracle/tip/tools/ide/adapters/designtime/adapter/images/soap_service_20x20.png" X="20" Y="4" width="20" height="20"/>
        <dgm:operations>
            <dgm:item>process</dgm:item>
            <dgm:item>processResponse</dgm:item>
        </dgm:operations>
    </dgm:gService>
    <dgm:gService name="esbtransferenciacuentaempresaa_client_ep">
        <dgm:body borderWidth="2" arcRad="20" X="21" Y="646" width="137" height="96">
            <dgm:borderColor r="153" g="153" b="153"/>
            <dgm:bgColor r="255" g="255" b="255"/>
        </dgm:body>
        <dgm:shadow arcRad="20" X="11" Y="639" width="156" height="110">
            <dgm:bgColor r="196" g="228" b="240"/>
        </dgm:shadow>
        <dgm:outputPort name="esbtransferenciacuentaempresaa_client_ep" X="127" Y="0" diameter="20" imageURI="oracle/tip/tools/ide/fabric/resource/image/visuals_rd1/servicereference.png" interface="http://xmlns.oracle.com/RetoBBVA/SOAApp/ESBTransferenciaCuentaEmpresaA#wsdl.interface(ESBTransferenciaCuentaEmpresaA)" callbackInterface="http://xmlns.oracle.com/RetoBBVA/SOAApp/ESBTransferenciaCuentaEmpresaA#wsdl.interface(ESBTransferenciaCuentaEmpresaACallback)"/>
        <dgm:nodeIcon URI="/oracle/tip/tools/ide/adapters/designtime/adapter/images/soap_service_20x20.png" X="20" Y="4" width="20" height="20"/>
        <dgm:operations>
            <dgm:item>process</dgm:item>
            <dgm:item>processResponse</dgm:item>
        </dgm:operations>
    </dgm:gService>
    <dgm:gService name="esbrecargasaldoempresaa_client_ep">
        <dgm:body borderWidth="2" arcRad="20" X="21" Y="216" width="137" height="96">
            <dgm:borderColor r="153" g="153" b="153"/>
            <dgm:bgColor r="255" g="255" b="255"/>
        </dgm:body>
        <dgm:shadow arcRad="20" X="11" Y="209" width="156" height="110">
            <dgm:bgColor r="196" g="228" b="240"/>
        </dgm:shadow>
        <dgm:outputPort name="esbrecargasaldoempresaa_client_ep" X="127" Y="0" diameter="20" imageURI="oracle/tip/tools/ide/fabric/resource/image/visuals_rd1/servicereference.png" interface="http://xmlns.oracle.com/RetoBBVA/SOAApp/ESBRecargaSaldoEmpresaA#wsdl.interface(ESBRecargaSaldoEmpresaA)" callbackInterface="http://xmlns.oracle.com/RetoBBVA/SOAApp/ESBRecargaSaldoEmpresaA#wsdl.interface(ESBRecargaSaldoEmpresaACallback)"/>
        <dgm:nodeIcon URI="/oracle/tip/tools/ide/adapters/designtime/adapter/images/soap_service_20x20.png" X="20" Y="4" width="20" height="20"/>
        <dgm:operations>
            <dgm:item>process</dgm:item>
            <dgm:item>processResponse</dgm:item>
        </dgm:operations>
    </dgm:gService>
    <dgm:gReference name="esbconsultacuentacliente_client">
        <dgm:body borderWidth="2" arcRad="20" X="912" Y="1158" width="136" height="96">
            <dgm:borderColor r="153" g="153" b="153"/>
            <dgm:bgColor r="255" g="255" b="255"/>
        </dgm:body>
        <dgm:shadow arcRad="20" X="902" Y="1151" width="156" height="110">
            <dgm:bgColor r="196" g="228" b="240"/>
        </dgm:shadow>
        <dgm:inputPort name="esbconsultacuentacliente_client" X="-10" Y="0" diameter="20" imageURI="oracle/tip/tools/ide/fabric/resource/image/visuals_rd1/servicereference.png" interface="http://xmlns.oracle.com/RetoBBVA/SOAApp/ESBConsultaCuentaCliente#wsdl.interface(ESBConsultaCuentaCliente)" callbackInterface="http://xmlns.oracle.com/RetoBBVA/SOAApp/ESBConsultaCuentaCliente#wsdl.interface(ESBConsultaCuentaClienteCallback)"/>
        <dgm:nodeIcon URI="/oracle/tip/tools/ide/adapters/designtime/adapter/images/soap_service_20x20.png" X="27" Y="4" width="20" height="20"/>
        <dgm:operations>
            <dgm:item>process</dgm:item>
            <dgm:item>processResponse</dgm:item>
        </dgm:operations>
    </dgm:gReference>
    <dgm:gReference name="esbconsultacuentacliente_client_2">
        <dgm:body borderWidth="2" arcRad="20" X="912" Y="544" width="136" height="96">
            <dgm:borderColor r="153" g="153" b="153"/>
            <dgm:bgColor r="255" g="255" b="255"/>
        </dgm:body>
        <dgm:shadow arcRad="20" X="902" Y="537" width="156" height="110">
            <dgm:bgColor r="196" g="228" b="240"/>
        </dgm:shadow>
        <dgm:inputPort name="esbconsultacuentacliente_client_2" X="-10" Y="0" diameter="20" imageURI="oracle/tip/tools/ide/fabric/resource/image/visuals_rd1/servicereference.png" interface="http://xmlns.oracle.com/RetoBBVA/SOAApp/ESBConsultaCuentaCliente#wsdl.interface(ESBConsultaCuentaCliente)" callbackInterface="http://xmlns.oracle.com/RetoBBVA/SOAApp/ESBConsultaCuentaCliente#wsdl.interface(ESBConsultaCuentaClienteCallback)"/>
        <dgm:nodeIcon URI="/oracle/tip/tools/ide/adapters/designtime/adapter/images/soap_service_20x20.png" X="27" Y="4" width="20" height="20"/>
        <dgm:operations>
            <dgm:item>process</dgm:item>
            <dgm:item>processResponse</dgm:item>
        </dgm:operations>
    </dgm:gReference>
    <dgm:gReference name="esbautorizatransferenciacuenta_client">
        <dgm:body borderWidth="2" arcRad="20" X="912" Y="674" width="136" height="96">
            <dgm:borderColor r="153" g="153" b="153"/>
            <dgm:bgColor r="255" g="255" b="255"/>
        </dgm:body>
        <dgm:shadow arcRad="20" X="902" Y="667" width="156" height="110">
            <dgm:bgColor r="196" g="228" b="240"/>
        </dgm:shadow>
        <dgm:inputPort name="esbautorizatransferenciacuenta_client" X="-10" Y="0" diameter="20" imageURI="oracle/tip/tools/ide/fabric/resource/image/visuals_rd1/servicereference.png" interface="http://xmlns.oracle.com/RetoBBVA/SOAApp/ESBAutorizaTransferenciaCuenta#wsdl.interface(ESBAutorizaTransferenciaCuenta)" callbackInterface="http://xmlns.oracle.com/RetoBBVA/SOAApp/ESBAutorizaTransferenciaCuenta#wsdl.interface(ESBAutorizaTransferenciaCuentaCallback)"/>
        <dgm:nodeIcon URI="/oracle/tip/tools/ide/adapters/designtime/adapter/images/soap_service_20x20.png" X="27" Y="4" width="20" height="20"/>
        <dgm:operations>
            <dgm:item>process</dgm:item>
            <dgm:item>processResponse</dgm:item>
        </dgm:operations>
    </dgm:gReference>
    <dgm:gReference name="esbabonoempresaa_client">
        <dgm:body borderWidth="2" arcRad="20" X="912" Y="804" width="136" height="96">
            <dgm:borderColor r="153" g="153" b="153"/>
            <dgm:bgColor r="255" g="255" b="255"/>
        </dgm:body>
        <dgm:shadow arcRad="20" X="902" Y="797" width="156" height="110">
            <dgm:bgColor r="196" g="228" b="240"/>
        </dgm:shadow>
        <dgm:inputPort name="esbabonoempresaa_client" X="-10" Y="0" diameter="20" imageURI="oracle/tip/tools/ide/fabric/resource/image/visuals_rd1/servicereference.png" interface="http://xmlns.oracle.com/RetoBBVA/SOAApp/ESBAbonoEmpresaA#wsdl.interface(ESBAbonoEmpresaA)" callbackInterface="http://xmlns.oracle.com/RetoBBVA/SOAApp/ESBAbonoEmpresaA#wsdl.interface(ESBAbonoEmpresaACallback)"/>
        <dgm:nodeIcon URI="/oracle/tip/tools/ide/adapters/designtime/adapter/images/soap_service_20x20.png" X="27" Y="4" width="20" height="20"/>
        <dgm:operations>
            <dgm:item>process</dgm:item>
            <dgm:item>processResponse</dgm:item>
        </dgm:operations>
    </dgm:gReference>
    <dgm:gReference name="esbconsultacuentacliente_client_3">
        <dgm:body borderWidth="2" arcRad="20" X="912" Y="26" width="136" height="96">
            <dgm:borderColor r="153" g="153" b="153"/>
            <dgm:bgColor r="255" g="255" b="255"/>
        </dgm:body>
        <dgm:shadow arcRad="20" X="902" Y="19" width="156" height="110">
            <dgm:bgColor r="196" g="228" b="240"/>
        </dgm:shadow>
        <dgm:inputPort name="esbconsultacuentacliente_client_3" X="-10" Y="0" diameter="20" imageURI="oracle/tip/tools/ide/fabric/resource/image/visuals_rd1/servicereference.png" interface="http://xmlns.oracle.com/RetoBBVA/SOAApp/ESBConsultaCuentaCliente#wsdl.interface(ESBConsultaCuentaCliente)" callbackInterface="http://xmlns.oracle.com/RetoBBVA/SOAApp/ESBConsultaCuentaCliente#wsdl.interface(ESBConsultaCuentaClienteCallback)"/>
        <dgm:nodeIcon URI="/oracle/tip/tools/ide/adapters/designtime/adapter/images/soap_service_20x20.png" X="27" Y="4" width="20" height="20"/>
        <dgm:operations>
            <dgm:item>process</dgm:item>
            <dgm:item>processResponse</dgm:item>
        </dgm:operations>
    </dgm:gReference>
    <dgm:gReference name="esbautorizasaldocliente_client">
        <dgm:body borderWidth="2" arcRad="20" X="912" Y="156" width="136" height="96">
            <dgm:borderColor r="153" g="153" b="153"/>
            <dgm:bgColor r="255" g="255" b="255"/>
        </dgm:body>
        <dgm:shadow arcRad="20" X="902" Y="149" width="156" height="110">
            <dgm:bgColor r="196" g="228" b="240"/>
        </dgm:shadow>
        <dgm:inputPort name="esbautorizasaldocliente_client" X="-10" Y="0" diameter="20" imageURI="oracle/tip/tools/ide/fabric/resource/image/visuals_rd1/servicereference.png" interface="http://xmlns.oracle.com/RetoBBVA/SOAApp/ESBAutorizaSaldoCliente#wsdl.interface(ESBAutorizaSaldoCliente)" callbackInterface="http://xmlns.oracle.com/RetoBBVA/SOAApp/ESBAutorizaSaldoCliente#wsdl.interface(ESBAutorizaSaldoClienteCallback)"/>
        <dgm:nodeIcon URI="/oracle/tip/tools/ide/adapters/designtime/adapter/images/soap_service_20x20.png" X="27" Y="4" width="20" height="20"/>
        <dgm:operations>
            <dgm:item>process</dgm:item>
            <dgm:item>processResponse</dgm:item>
        </dgm:operations>
    </dgm:gReference>
    <dgm:gReference name="esbcargarsaldocliente_client">
        <dgm:body borderWidth="2" arcRad="20" X="912" Y="286" width="136" height="96">
            <dgm:borderColor r="153" g="153" b="153"/>
            <dgm:bgColor r="255" g="255" b="255"/>
        </dgm:body>
        <dgm:shadow arcRad="20" X="902" Y="279" width="156" height="110">
            <dgm:bgColor r="196" g="228" b="240"/>
        </dgm:shadow>
        <dgm:inputPort name="esbcargarsaldocliente_client" X="-10" Y="0" diameter="20" imageURI="oracle/tip/tools/ide/fabric/resource/image/visuals_rd1/servicereference.png" interface="http://xmlns.oracle.com/RetoBBVA/SOAApp/ESBCargarSaldoCliente#wsdl.interface(ESBCargarSaldoCliente)" callbackInterface="http://xmlns.oracle.com/RetoBBVA/SOAApp/ESBCargarSaldoCliente#wsdl.interface(ESBCargarSaldoClienteCallback)"/>
        <dgm:nodeIcon URI="/oracle/tip/tools/ide/adapters/designtime/adapter/images/soap_service_20x20.png" X="27" Y="4" width="20" height="20"/>
        <dgm:operations>
            <dgm:item>process</dgm:item>
            <dgm:item>processResponse</dgm:item>
        </dgm:operations>
    </dgm:gReference>
    <dgm:gReference name="esbabonoempresaa_client_2">
        <dgm:body borderWidth="2" arcRad="20" X="912" Y="415" width="136" height="97">
            <dgm:borderColor r="153" g="153" b="153"/>
            <dgm:bgColor r="255" g="255" b="255"/>
        </dgm:body>
        <dgm:shadow arcRad="20" X="902" Y="408" width="156" height="111">
            <dgm:bgColor r="196" g="228" b="240"/>
        </dgm:shadow>
        <dgm:inputPort name="esbabonoempresaa_client_2" X="-10" Y="0" diameter="20" imageURI="oracle/tip/tools/ide/fabric/resource/image/visuals_rd1/servicereference.png" interface="http://xmlns.oracle.com/RetoBBVA/SOAApp/ESBAbonoEmpresaA#wsdl.interface(ESBAbonoEmpresaA)" callbackInterface="http://xmlns.oracle.com/RetoBBVA/SOAApp/ESBAbonoEmpresaA#wsdl.interface(ESBAbonoEmpresaACallback)"/>
        <dgm:nodeIcon URI="/oracle/tip/tools/ide/adapters/designtime/adapter/images/soap_service_20x20.png" X="27" Y="4" width="20" height="20"/>
        <dgm:operations>
            <dgm:item>process</dgm:item>
            <dgm:item>processResponse</dgm:item>
        </dgm:operations>
    </dgm:gReference>
    <dgm:gComponent name="ESBTransferenciaCuenta">
        <dgm:body borderWidth="2" arcRad="20" X="249" Y="1432" width="130" height="61">
            <dgm:borderColor r="69" g="113" b="140"/>
            <dgm:lightBgColor r="166" g="208" b="230"/>
            <dgm:darkBgColor r="99" g="162" b="201"/>
        </dgm:body>
        <dgm:shadow arcRad="20" X="239" Y="1425" width="150" height="77">
            <dgm:bgColor r="196" g="228" b="240"/>
        </dgm:shadow>
        <dgm:inputPort name="esbtransferenciacuenta_client" X="-10" Y="15" diameter="20" imageURI="oracle/tip/tools/ide/fabric/resource/image/visuals_rd1/servicereference.png" interface="http://xmlns.oracle.com/RetoBBVA/SOAApp/ESBTransferenciaCuenta#wsdl.interface(ESBTransferenciaCuenta)" callbackInterface="http://xmlns.oracle.com/RetoBBVA/SOAApp/ESBTransferenciaCuenta#wsdl.interface(ESBTransferenciaCuentaCallback)"/>
        <dgm:nodeIcon URI="/oracle/tip/tools/ide/bpel/shared/plugins/resources/images/soa/process_20x20.png" X="10" Y="4" width="20" height="20"/>
    </dgm:gComponent>
    <dgm:gComponent name="ESBConsultaCuentaCliente">
        <dgm:body borderWidth="2" arcRad="20" X="249" Y="1304" width="130" height="61">
            <dgm:borderColor r="69" g="113" b="140"/>
            <dgm:lightBgColor r="166" g="208" b="230"/>
            <dgm:darkBgColor r="99" g="162" b="201"/>
        </dgm:body>
        <dgm:shadow arcRad="20" X="239" Y="1297" width="150" height="77">
            <dgm:bgColor r="196" g="228" b="240"/>
        </dgm:shadow>
        <dgm:inputPort name="esbconsultacuentacliente_client" X="-10" Y="15" diameter="20" imageURI="oracle/tip/tools/ide/fabric/resource/image/visuals_rd1/servicereference.png" interface="http://xmlns.oracle.com/RetoBBVA/SOAApp/ESBConsultaCuentaCliente#wsdl.interface(ESBConsultaCuentaCliente)" callbackInterface="http://xmlns.oracle.com/RetoBBVA/SOAApp/ESBConsultaCuentaCliente#wsdl.interface(ESBConsultaCuentaClienteCallback)"/>
        <dgm:nodeIcon URI="/oracle/tip/tools/ide/bpel/shared/plugins/resources/images/soa/process_20x20.png" X="10" Y="4" width="20" height="20"/>
    </dgm:gComponent>
    <dgm:gComponent name="ESBAutorizaTransferenciaCuenta">
        <dgm:body borderWidth="2" arcRad="20" X="470" Y="1143" width="130" height="61">
            <dgm:borderColor r="69" g="113" b="140"/>
            <dgm:lightBgColor r="166" g="208" b="230"/>
            <dgm:darkBgColor r="99" g="162" b="201"/>
        </dgm:body>
        <dgm:shadow arcRad="20" X="460" Y="1136" width="150" height="77">
            <dgm:bgColor r="196" g="228" b="240"/>
        </dgm:shadow>
        <dgm:inputPort name="esbautorizatransferenciacuenta_client" X="-10" Y="15" diameter="20" imageURI="oracle/tip/tools/ide/fabric/resource/image/visuals_rd1/servicereference.png" interface="http://xmlns.oracle.com/RetoBBVA/SOAApp/ESBAutorizaTransferenciaCuenta#wsdl.interface(ESBAutorizaTransferenciaCuenta)" callbackInterface="http://xmlns.oracle.com/RetoBBVA/SOAApp/ESBAutorizaTransferenciaCuenta#wsdl.interface(ESBAutorizaTransferenciaCuentaCallback)"/>
        <dgm:outputPort name="esbconsultacuentacliente_client" X="120" Y="15" diameter="20" imageURI="oracle/tip/tools/ide/fabric/resource/image/visuals_rd1/servicereference.png" interface="http://xmlns.oracle.com/RetoBBVA/SOAApp/ESBConsultaCuentaCliente#wsdl.interface(ESBConsultaCuentaCliente)" callbackInterface="http://xmlns.oracle.com/RetoBBVA/SOAApp/ESBConsultaCuentaCliente#wsdl.interface(ESBConsultaCuentaClienteCallback)"/>
        <dgm:nodeIcon URI="/oracle/tip/tools/ide/bpel/shared/plugins/resources/images/soa/process_20x20.png" X="10" Y="4" width="20" height="20"/>
    </dgm:gComponent>
    <dgm:gComponent name="ESBAutorizaSaldoCliente">
        <dgm:body borderWidth="2" arcRad="20" X="249" Y="1015" width="130" height="61">
            <dgm:borderColor r="69" g="113" b="140"/>
            <dgm:lightBgColor r="166" g="208" b="230"/>
            <dgm:darkBgColor r="99" g="162" b="201"/>
        </dgm:body>
        <dgm:shadow arcRad="20" X="239" Y="1008" width="150" height="77">
            <dgm:bgColor r="196" g="228" b="240"/>
        </dgm:shadow>
        <dgm:inputPort name="esbautorizasaldocliente_client" X="-10" Y="15" diameter="20" imageURI="oracle/tip/tools/ide/fabric/resource/image/visuals_rd1/servicereference.png" interface="http://xmlns.oracle.com/RetoBBVA/SOAApp/ESBAutorizaSaldoCliente#wsdl.interface(ESBAutorizaSaldoCliente)" callbackInterface="http://xmlns.oracle.com/RetoBBVA/SOAApp/ESBAutorizaSaldoCliente#wsdl.interface(ESBAutorizaSaldoClienteCallback)"/>
        <dgm:nodeIcon URI="/oracle/tip/tools/ide/bpel/shared/plugins/resources/images/soa/process_20x20.png" X="10" Y="4" width="20" height="20"/>
    </dgm:gComponent>
    <dgm:gComponent name="ESBCargarSaldoCliente">
        <dgm:body borderWidth="2" arcRad="20" X="249" Y="887" width="130" height="61">
            <dgm:borderColor r="69" g="113" b="140"/>
            <dgm:lightBgColor r="166" g="208" b="230"/>
            <dgm:darkBgColor r="99" g="162" b="201"/>
        </dgm:body>
        <dgm:shadow arcRad="20" X="239" Y="880" width="150" height="77">
            <dgm:bgColor r="196" g="228" b="240"/>
        </dgm:shadow>
        <dgm:inputPort name="esbcargarsaldocliente_client" X="-10" Y="15" diameter="20" imageURI="oracle/tip/tools/ide/fabric/resource/image/visuals_rd1/servicereference.png" interface="http://xmlns.oracle.com/RetoBBVA/SOAApp/ESBCargarSaldoCliente#wsdl.interface(ESBCargarSaldoCliente)" callbackInterface="http://xmlns.oracle.com/RetoBBVA/SOAApp/ESBCargarSaldoCliente#wsdl.interface(ESBCargarSaldoClienteCallback)"/>
        <dgm:nodeIcon URI="/oracle/tip/tools/ide/bpel/shared/plugins/resources/images/soa/process_20x20.png" X="10" Y="4" width="20" height="20"/>
    </dgm:gComponent>
    <dgm:gComponent name="ESBAbonoEmpresaA">
        <dgm:body borderWidth="2" arcRad="20" X="249" Y="759" width="130" height="61">
            <dgm:borderColor r="69" g="113" b="140"/>
            <dgm:lightBgColor r="166" g="208" b="230"/>
            <dgm:darkBgColor r="99" g="162" b="201"/>
        </dgm:body>
        <dgm:shadow arcRad="20" X="239" Y="752" width="150" height="77">
            <dgm:bgColor r="196" g="228" b="240"/>
        </dgm:shadow>
        <dgm:inputPort name="esbabonoempresaa_client" X="-10" Y="15" diameter="20" imageURI="oracle/tip/tools/ide/fabric/resource/image/visuals_rd1/servicereference.png" interface="http://xmlns.oracle.com/RetoBBVA/SOAApp/ESBAbonoEmpresaA#wsdl.interface(ESBAbonoEmpresaA)" callbackInterface="http://xmlns.oracle.com/RetoBBVA/SOAApp/ESBAbonoEmpresaA#wsdl.interface(ESBAbonoEmpresaACallback)"/>
        <dgm:nodeIcon URI="/oracle/tip/tools/ide/bpel/shared/plugins/resources/images/soa/process_20x20.png" X="10" Y="4" width="20" height="20"/>
    </dgm:gComponent>
    <dgm:gComponent name="ESBTransferenciaCuentaEmpresaA">
        <dgm:body borderWidth="2" arcRad="20" X="691" Y="666" width="130" height="111">
            <dgm:borderColor r="69" g="113" b="140"/>
            <dgm:lightBgColor r="166" g="208" b="230"/>
            <dgm:darkBgColor r="99" g="162" b="201"/>
        </dgm:body>
        <dgm:shadow arcRad="20" X="681" Y="659" width="150" height="127">
            <dgm:bgColor r="196" g="228" b="240"/>
        </dgm:shadow>
        <dgm:inputPort name="esbtransferenciacuentaempresaa_client" X="-10" Y="15" diameter="20" imageURI="oracle/tip/tools/ide/fabric/resource/image/visuals_rd1/servicereference.png" interface="http://xmlns.oracle.com/RetoBBVA/SOAApp/ESBTransferenciaCuentaEmpresaA#wsdl.interface(ESBTransferenciaCuentaEmpresaA)" callbackInterface="http://xmlns.oracle.com/RetoBBVA/SOAApp/ESBTransferenciaCuentaEmpresaA#wsdl.interface(ESBTransferenciaCuentaEmpresaACallback)"/>
        <dgm:outputPort name="esbconsultacuentacliente_client" X="120" Y="15" diameter="20" imageURI="oracle/tip/tools/ide/fabric/resource/image/visuals_rd1/servicereference.png" interface="http://xmlns.oracle.com/RetoBBVA/SOAApp/ESBConsultaCuentaCliente#wsdl.interface(ESBConsultaCuentaCliente)" callbackInterface="http://xmlns.oracle.com/RetoBBVA/SOAApp/ESBConsultaCuentaCliente#wsdl.interface(ESBConsultaCuentaClienteCallback)"/>
        <dgm:outputPort name="esbautorizatransferenciacuenta_client" X="120" Y="40" diameter="20" imageURI="oracle/tip/tools/ide/fabric/resource/image/visuals_rd1/servicereference.png" interface="http://xmlns.oracle.com/RetoBBVA/SOAApp/ESBAutorizaTransferenciaCuenta#wsdl.interface(ESBAutorizaTransferenciaCuenta)" callbackInterface="http://xmlns.oracle.com/RetoBBVA/SOAApp/ESBAutorizaTransferenciaCuenta#wsdl.interface(ESBAutorizaTransferenciaCuentaCallback)"/>
        <dgm:outputPort name="esbabonoempresaa_client" X="120" Y="65" diameter="20" imageURI="oracle/tip/tools/ide/fabric/resource/image/visuals_rd1/servicereference.png" interface="http://xmlns.oracle.com/RetoBBVA/SOAApp/ESBAbonoEmpresaA#wsdl.interface(ESBAbonoEmpresaA)" callbackInterface="http://xmlns.oracle.com/RetoBBVA/SOAApp/ESBAbonoEmpresaA#wsdl.interface(ESBAbonoEmpresaACallback)"/>
        <dgm:nodeIcon URI="/oracle/tip/tools/ide/bpel/shared/plugins/resources/images/soa/process_20x20.png" X="10" Y="4" width="20" height="20"/>
    </dgm:gComponent>
    <dgm:gComponent name="ESBRecargaSaldoEmpresaA">
        <dgm:body borderWidth="2" arcRad="20" X="691" Y="201" width="130" height="136">
            <dgm:borderColor r="69" g="113" b="140"/>
            <dgm:lightBgColor r="166" g="208" b="230"/>
            <dgm:darkBgColor r="99" g="162" b="201"/>
        </dgm:body>
        <dgm:shadow arcRad="20" X="681" Y="194" width="150" height="152">
            <dgm:bgColor r="196" g="228" b="240"/>
        </dgm:shadow>
        <dgm:inputPort name="esbrecargasaldoempresaa_client" X="-10" Y="15" diameter="20" imageURI="oracle/tip/tools/ide/fabric/resource/image/visuals_rd1/servicereference.png" interface="http://xmlns.oracle.com/RetoBBVA/SOAApp/ESBRecargaSaldoEmpresaA#wsdl.interface(ESBRecargaSaldoEmpresaA)" callbackInterface="http://xmlns.oracle.com/RetoBBVA/SOAApp/ESBRecargaSaldoEmpresaA#wsdl.interface(ESBRecargaSaldoEmpresaACallback)"/>
        <dgm:outputPort name="esbconsultacuentacliente_client" X="120" Y="15" diameter="20" imageURI="oracle/tip/tools/ide/fabric/resource/image/visuals_rd1/servicereference.png" interface="http://xmlns.oracle.com/RetoBBVA/SOAApp/ESBConsultaCuentaCliente#wsdl.interface(ESBConsultaCuentaCliente)" callbackInterface="http://xmlns.oracle.com/RetoBBVA/SOAApp/ESBConsultaCuentaCliente#wsdl.interface(ESBConsultaCuentaClienteCallback)"/>
        <dgm:outputPort name="esbautorizasaldocliente_client" X="120" Y="40" diameter="20" imageURI="oracle/tip/tools/ide/fabric/resource/image/visuals_rd1/servicereference.png" interface="http://xmlns.oracle.com/RetoBBVA/SOAApp/ESBAutorizaSaldoCliente#wsdl.interface(ESBAutorizaSaldoCliente)" callbackInterface="http://xmlns.oracle.com/RetoBBVA/SOAApp/ESBAutorizaSaldoCliente#wsdl.interface(ESBAutorizaSaldoClienteCallback)"/>
        <dgm:outputPort name="esbcargarsaldocliente_client" X="120" Y="65" diameter="20" imageURI="oracle/tip/tools/ide/fabric/resource/image/visuals_rd1/servicereference.png" interface="http://xmlns.oracle.com/RetoBBVA/SOAApp/ESBCargarSaldoCliente#wsdl.interface(ESBCargarSaldoCliente)" callbackInterface="http://xmlns.oracle.com/RetoBBVA/SOAApp/ESBCargarSaldoCliente#wsdl.interface(ESBCargarSaldoClienteCallback)"/>
        <dgm:outputPort name="esbabonoempresaa_client" X="120" Y="90" diameter="20" imageURI="oracle/tip/tools/ide/fabric/resource/image/visuals_rd1/servicereference.png" interface="http://xmlns.oracle.com/RetoBBVA/SOAApp/ESBAbonoEmpresaA#wsdl.interface(ESBAbonoEmpresaA)" callbackInterface="http://xmlns.oracle.com/RetoBBVA/SOAApp/ESBAbonoEmpresaA#wsdl.interface(ESBAbonoEmpresaACallback)"/>
        <dgm:nodeIcon URI="/oracle/tip/tools/ide/bpel/shared/plugins/resources/images/soa/process_20x20.png" X="10" Y="4" width="20" height="20"/>
    </dgm:gComponent>
    <dgm:gWireLink source="esbtransferenciacuenta_client_ep" target="ESBTransferenciaCuenta/esbtransferenciacuenta_client" width="2">
        <dgm:gSegment X1="168" Y1="1457" X2="239" Y2="1457"/>
        <dgm:baseColor r="153" g="153" b="153"/>
        <dgm:selectedColor r="49" g="106" b="196"/>
    </dgm:gWireLink>
    <dgm:gWireLink source="esbconsultacuentacliente_client_ep" target="ESBConsultaCuentaCliente/esbconsultacuentacliente_client" width="2">
        <dgm:gSegment X1="168" Y1="1329" X2="239" Y2="1329"/>
        <dgm:baseColor r="153" g="153" b="153"/>
        <dgm:selectedColor r="49" g="106" b="196"/>
    </dgm:gWireLink>
    <dgm:gWireLink source="esbautorizatransferenciacuenta_client_ep" target="ESBAutorizaTransferenciaCuenta/esbautorizatransferenciacuenta_client" width="2">
        <dgm:gSegment X1="168" Y1="1168" X2="460" Y2="1168"/>
        <dgm:baseColor r="153" g="153" b="153"/>
        <dgm:selectedColor r="49" g="106" b="196"/>
    </dgm:gWireLink>
    <dgm:gWireLink source="ESBAutorizaTransferenciaCuenta/esbconsultacuentacliente_client" target="esbconsultacuentacliente_client" width="2">
        <dgm:gSegment X1="610" Y1="1168" X2="902" Y2="1168"/>
        <dgm:baseColor r="153" g="153" b="153"/>
        <dgm:selectedColor r="49" g="106" b="196"/>
    </dgm:gWireLink>
    <dgm:gWireLink source="esbautorizasaldocliente_client_ep" target="ESBAutorizaSaldoCliente/esbautorizasaldocliente_client" width="2">
        <dgm:gSegment X1="168" Y1="1040" X2="239" Y2="1040"/>
        <dgm:baseColor r="153" g="153" b="153"/>
        <dgm:selectedColor r="49" g="106" b="196"/>
    </dgm:gWireLink>
    <dgm:gWireLink source="esbcargarsaldocliente_client_ep" target="ESBCargarSaldoCliente/esbcargarsaldocliente_client" width="2">
        <dgm:gSegment X1="168" Y1="912" X2="239" Y2="912"/>
        <dgm:baseColor r="153" g="153" b="153"/>
        <dgm:selectedColor r="49" g="106" b="196"/>
    </dgm:gWireLink>
    <dgm:gWireLink source="esbabonoempresaa_client_ep" target="ESBAbonoEmpresaA/esbabonoempresaa_client" width="2">
        <dgm:gSegment X1="168" Y1="784" X2="239" Y2="784"/>
        <dgm:baseColor r="153" g="153" b="153"/>
        <dgm:selectedColor r="49" g="106" b="196"/>
    </dgm:gWireLink>
    <dgm:gWireLink source="esbtransferenciacuentaempresaa_client_ep" target="ESBTransferenciaCuentaEmpresaA/esbtransferenciacuentaempresaa_client" width="2">
        <dgm:gSegment X1="168" Y1="656" X2="634" Y2="656"/>
        <dgm:gSegment X1="634" Y1="656" X2="634" Y2="691"/>
        <dgm:gSegment X1="634" Y1="691" X2="681" Y2="691"/>
        <dgm:baseColor r="153" g="153" b="153"/>
        <dgm:selectedColor r="49" g="106" b="196"/>
    </dgm:gWireLink>
    <dgm:gWireLink source="ESBTransferenciaCuentaEmpresaA/esbconsultacuentacliente_client" target="esbconsultacuentacliente_client_2" width="2">
        <dgm:gSegment X1="831" Y1="691" X2="855" Y2="691"/>
        <dgm:gSegment X1="855" Y1="691" X2="855" Y2="554"/>
        <dgm:gSegment X1="855" Y1="554" X2="902" Y2="554"/>
        <dgm:baseColor r="153" g="153" b="153"/>
        <dgm:selectedColor r="49" g="106" b="196"/>
    </dgm:gWireLink>
    <dgm:gWireLink source="ESBTransferenciaCuentaEmpresaA/esbautorizatransferenciacuenta_client" target="esbautorizatransferenciacuenta_client" width="2">
        <dgm:gSegment X1="831" Y1="716" X2="870" Y2="716"/>
        <dgm:gSegment X1="870" Y1="716" X2="870" Y2="684"/>
        <dgm:gSegment X1="870" Y1="684" X2="902" Y2="684"/>
        <dgm:baseColor r="153" g="153" b="153"/>
        <dgm:selectedColor r="49" g="106" b="196"/>
    </dgm:gWireLink>
    <dgm:gWireLink source="ESBTransferenciaCuentaEmpresaA/esbabonoempresaa_client" target="esbabonoempresaa_client" width="2">
        <dgm:gSegment X1="831" Y1="741" X2="855" Y2="741"/>
        <dgm:gSegment X1="855" Y1="741" X2="855" Y2="814"/>
        <dgm:gSegment X1="855" Y1="814" X2="902" Y2="814"/>
        <dgm:baseColor r="153" g="153" b="153"/>
        <dgm:selectedColor r="49" g="106" b="196"/>
    </dgm:gWireLink>
    <dgm:gWireLink source="esbrecargasaldoempresaa_client_ep" target="ESBRecargaSaldoEmpresaA/esbrecargasaldoempresaa_client" width="2">
        <dgm:gSegment X1="168" Y1="226" X2="681" Y2="226"/>
        <dgm:baseColor r="153" g="153" b="153"/>
        <dgm:selectedColor r="49" g="106" b="196"/>
    </dgm:gWireLink>
    <dgm:gWireLink source="ESBRecargaSaldoEmpresaA/esbconsultacuentacliente_client" target="esbconsultacuentacliente_client_3" width="2">
        <dgm:gSegment X1="831" Y1="226" X2="855" Y2="226"/>
        <dgm:gSegment X1="855" Y1="226" X2="855" Y2="36"/>
        <dgm:gSegment X1="855" Y1="36" X2="902" Y2="36"/>
        <dgm:baseColor r="153" g="153" b="153"/>
        <dgm:selectedColor r="49" g="106" b="196"/>
    </dgm:gWireLink>
    <dgm:gWireLink source="ESBRecargaSaldoEmpresaA/esbautorizasaldocliente_client" target="esbautorizasaldocliente_client" width="2">
        <dgm:gSegment X1="831" Y1="251" X2="870" Y2="251"/>
        <dgm:gSegment X1="870" Y1="251" X2="870" Y2="166"/>
        <dgm:gSegment X1="870" Y1="166" X2="902" Y2="166"/>
        <dgm:baseColor r="153" g="153" b="153"/>
        <dgm:selectedColor r="49" g="106" b="196"/>
    </dgm:gWireLink>
    <dgm:gWireLink source="ESBRecargaSaldoEmpresaA/esbcargarsaldocliente_client" target="esbcargarsaldocliente_client" width="2">
        <dgm:gSegment X1="831" Y1="276" X2="870" Y2="276"/>
        <dgm:gSegment X1="870" Y1="276" X2="870" Y2="296"/>
        <dgm:gSegment X1="870" Y1="296" X2="902" Y2="296"/>
        <dgm:baseColor r="153" g="153" b="153"/>
        <dgm:selectedColor r="49" g="106" b="196"/>
    </dgm:gWireLink>
    <dgm:gWireLink source="ESBRecargaSaldoEmpresaA/esbabonoempresaa_client" target="esbabonoempresaa_client_2" width="2">
        <dgm:gSegment X1="831" Y1="301" X2="855" Y2="301"/>
        <dgm:gSegment X1="855" Y1="301" X2="855" Y2="425"/>
        <dgm:gSegment X1="855" Y1="425" X2="902" Y2="425"/>
        <dgm:baseColor r="153" g="153" b="153"/>
        <dgm:selectedColor r="49" g="106" b="196"/>
    </dgm:gWireLink>
</dgm:gDiagram>