<?xml version="1.0" encoding="UTF-8" ?>
<!-- Generated by Oracle SOA Modeler version 12.2.1.3.0.170820 at [11/26/20 9:41 PM]. -->
<composite name="ESBCargaSaldo"
           revision="1.0"
           label="2020-11-26_21-41-14_120"
           mode="active"
           state="on"
           xmlns="http://xmlns.oracle.com/sca/1.0"
           xmlns:xs="http://www.w3.org/2001/XMLSchema"
           xmlns:wsp="http://schemas.xmlsoap.org/ws/2004/09/policy"
           xmlns:orawsp="http://schemas.oracle.com/ws/2006/01/policy"
           xmlns:ui="http://xmlns.oracle.com/soa/designer/"
           xmlns:sca-ext="http://xmlns.oracle.com/sca/1.0-ext">
  <import namespace="http://xmlns.oracle.com/RetoBBVA/SOAApp/ESBTransferenciaCuenta"
          location="WSDLs/ESBTransferenciaCuenta.wsdl" importType="wsdl"/>
  <import namespace="http://xmlns.oracle.com/RetoBBVA/SOAApp/ESBConsultaCuentaCliente"
          location="WSDLs/ESBConsultaCuentaCliente.wsdl" importType="wsdl"/>
  <import namespace="http://xmlns.oracle.com/RetoBBVA/SOAApp/ESBAutorizaTransferenciaCuenta"
          location="WSDLs/ESBAutorizaTransferenciaCuenta.wsdl" importType="wsdl"/>
  <import namespace="http://xmlns.oracle.com/RetoBBVA/SOAApp/ESBAutorizaSaldoCliente"
          location="WSDLs/ESBAutorizaSaldoCliente.wsdl" importType="wsdl"/>
  <import namespace="http://xmlns.oracle.com/RetoBBVA/SOAApp/ESBCargarSaldoCliente"
          location="WSDLs/ESBCargarSaldoCliente.wsdl" importType="wsdl"/>
  <import namespace="http://xmlns.oracle.com/RetoBBVA/SOAApp/ESBAbonoEmpresaA"
          location="WSDLs/ESBAbonoEmpresaA.wsdl" importType="wsdl"/>
  <import namespace="http://xmlns.oracle.com/RetoBBVA/SOAApp/ESBTransferenciaCuentaEmpresaA"
          location="WSDLs/ESBTransferenciaCuentaEmpresaA.wsdl" importType="wsdl"/>
  <import namespace="http://xmlns.oracle.com/RetoBBVA/SOAApp/ESBRecargaSaldoEmpresaA"
          location="WSDLs/ESBRecargaSaldoEmpresaA.wsdl" importType="wsdl"/>
  <service name="esbtransferenciacuenta_client_ep" ui:wsdlLocation="WSDLs/ESBTransferenciaCuenta.wsdl">
    <interface.wsdl interface="http://xmlns.oracle.com/RetoBBVA/SOAApp/ESBTransferenciaCuenta#wsdl.interface(ESBTransferenciaCuenta)"
                    callbackInterface="http://xmlns.oracle.com/RetoBBVA/SOAApp/ESBTransferenciaCuenta#wsdl.interface(ESBTransferenciaCuentaCallback)"/>
    <binding.ws port="http://xmlns.oracle.com/RetoBBVA/SOAApp/ESBTransferenciaCuenta#wsdl.endpoint(esbtransferenciacuenta_client_ep/ESBTransferenciaCuenta_pt)"/>
    <callback>
      <binding.ws port="http://xmlns.oracle.com/RetoBBVA/SOAApp/ESBTransferenciaCuenta#wsdl.endpoint(esbtransferenciacuenta_client_ep/ESBTransferenciaCuentaCallback_pt)"/>
    </callback>
  </service>
  <service name="esbconsultacuentacliente_client_ep" ui:wsdlLocation="WSDLs/ESBConsultaCuentaCliente.wsdl">
    <interface.wsdl interface="http://xmlns.oracle.com/RetoBBVA/SOAApp/ESBConsultaCuentaCliente#wsdl.interface(ESBConsultaCuentaCliente)"
                    callbackInterface="http://xmlns.oracle.com/RetoBBVA/SOAApp/ESBConsultaCuentaCliente#wsdl.interface(ESBConsultaCuentaClienteCallback)"/>
    <binding.ws port="http://xmlns.oracle.com/RetoBBVA/SOAApp/ESBConsultaCuentaCliente#wsdl.endpoint(esbconsultacuentacliente_client_ep/ESBConsultaCuentaCliente_pt)"/>
    <callback>
      <binding.ws port="http://xmlns.oracle.com/RetoBBVA/SOAApp/ESBConsultaCuentaCliente#wsdl.endpoint(esbconsultacuentacliente_client_ep/ESBConsultaCuentaClienteCallback_pt)"/>
    </callback>
  </service>
  <service name="esbautorizatransferenciacuenta_client_ep" ui:wsdlLocation="WSDLs/ESBAutorizaTransferenciaCuenta.wsdl">
    <interface.wsdl interface="http://xmlns.oracle.com/RetoBBVA/SOAApp/ESBAutorizaTransferenciaCuenta#wsdl.interface(ESBAutorizaTransferenciaCuenta)"
                    callbackInterface="http://xmlns.oracle.com/RetoBBVA/SOAApp/ESBAutorizaTransferenciaCuenta#wsdl.interface(ESBAutorizaTransferenciaCuentaCallback)"/>
    <binding.ws port="http://xmlns.oracle.com/RetoBBVA/SOAApp/ESBAutorizaTransferenciaCuenta#wsdl.endpoint(esbautorizatransferenciacuenta_client_ep/ESBAutorizaTransferenciaCuenta_pt)"/>
    <callback>
      <binding.ws port="http://xmlns.oracle.com/RetoBBVA/SOAApp/ESBAutorizaTransferenciaCuenta#wsdl.endpoint(esbautorizatransferenciacuenta_client_ep/ESBAutorizaTransferenciaCuentaCallback_pt)"/>
    </callback>
  </service>
  <service name="esbautorizasaldocliente_client_ep" ui:wsdlLocation="WSDLs/ESBAutorizaSaldoCliente.wsdl">
    <interface.wsdl interface="http://xmlns.oracle.com/RetoBBVA/SOAApp/ESBAutorizaSaldoCliente#wsdl.interface(ESBAutorizaSaldoCliente)"
                    callbackInterface="http://xmlns.oracle.com/RetoBBVA/SOAApp/ESBAutorizaSaldoCliente#wsdl.interface(ESBAutorizaSaldoClienteCallback)"/>
    <binding.ws port="http://xmlns.oracle.com/RetoBBVA/SOAApp/ESBAutorizaSaldoCliente#wsdl.endpoint(esbautorizasaldocliente_client_ep/ESBAutorizaSaldoCliente_pt)"/>
    <callback>
      <binding.ws port="http://xmlns.oracle.com/RetoBBVA/SOAApp/ESBAutorizaSaldoCliente#wsdl.endpoint(esbautorizasaldocliente_client_ep/ESBAutorizaSaldoClienteCallback_pt)"/>
    </callback>
  </service>
  <service name="esbcargarsaldocliente_client_ep" ui:wsdlLocation="WSDLs/ESBCargarSaldoCliente.wsdl">
    <interface.wsdl interface="http://xmlns.oracle.com/RetoBBVA/SOAApp/ESBCargarSaldoCliente#wsdl.interface(ESBCargarSaldoCliente)"
                    callbackInterface="http://xmlns.oracle.com/RetoBBVA/SOAApp/ESBCargarSaldoCliente#wsdl.interface(ESBCargarSaldoClienteCallback)"/>
    <binding.ws port="http://xmlns.oracle.com/RetoBBVA/SOAApp/ESBCargarSaldoCliente#wsdl.endpoint(esbcargarsaldocliente_client_ep/ESBCargarSaldoCliente_pt)"/>
    <callback>
      <binding.ws port="http://xmlns.oracle.com/RetoBBVA/SOAApp/ESBCargarSaldoCliente#wsdl.endpoint(esbcargarsaldocliente_client_ep/ESBCargarSaldoClienteCallback_pt)"/>
    </callback>
  </service>
  <service name="esbabonoempresaa_client_ep" ui:wsdlLocation="WSDLs/ESBAbonoEmpresaA.wsdl">
    <interface.wsdl interface="http://xmlns.oracle.com/RetoBBVA/SOAApp/ESBAbonoEmpresaA#wsdl.interface(ESBAbonoEmpresaA)"
                    callbackInterface="http://xmlns.oracle.com/RetoBBVA/SOAApp/ESBAbonoEmpresaA#wsdl.interface(ESBAbonoEmpresaACallback)"/>
    <binding.ws port="http://xmlns.oracle.com/RetoBBVA/SOAApp/ESBAbonoEmpresaA#wsdl.endpoint(esbabonoempresaa_client_ep/ESBAbonoEmpresaA_pt)"/>
    <callback>
      <binding.ws port="http://xmlns.oracle.com/RetoBBVA/SOAApp/ESBAbonoEmpresaA#wsdl.endpoint(esbabonoempresaa_client_ep/ESBAbonoEmpresaACallback_pt)"/>
    </callback>
  </service>
  <service name="esbtransferenciacuentaempresaa_client_ep" ui:wsdlLocation="WSDLs/ESBTransferenciaCuentaEmpresaA.wsdl">
    <interface.wsdl interface="http://xmlns.oracle.com/RetoBBVA/SOAApp/ESBTransferenciaCuentaEmpresaA#wsdl.interface(ESBTransferenciaCuentaEmpresaA)"
                    callbackInterface="http://xmlns.oracle.com/RetoBBVA/SOAApp/ESBTransferenciaCuentaEmpresaA#wsdl.interface(ESBTransferenciaCuentaEmpresaACallback)"/>
    <binding.ws port="http://xmlns.oracle.com/RetoBBVA/SOAApp/ESBTransferenciaCuentaEmpresaA#wsdl.endpoint(esbtransferenciacuentaempresaa_client_ep/ESBTransferenciaCuentaEmpresaA_pt)"/>
    <callback>
      <binding.ws port="http://xmlns.oracle.com/RetoBBVA/SOAApp/ESBTransferenciaCuentaEmpresaA#wsdl.endpoint(esbtransferenciacuentaempresaa_client_ep/ESBTransferenciaCuentaEmpresaACallback_pt)"/>
    </callback>
  </service>
  <service name="esbrecargasaldoempresaa_client_ep" ui:wsdlLocation="WSDLs/ESBRecargaSaldoEmpresaA.wsdl">
    <interface.wsdl interface="http://xmlns.oracle.com/RetoBBVA/SOAApp/ESBRecargaSaldoEmpresaA#wsdl.interface(ESBRecargaSaldoEmpresaA)"
                    callbackInterface="http://xmlns.oracle.com/RetoBBVA/SOAApp/ESBRecargaSaldoEmpresaA#wsdl.interface(ESBRecargaSaldoEmpresaACallback)"/>
    <binding.ws port="http://xmlns.oracle.com/RetoBBVA/SOAApp/ESBRecargaSaldoEmpresaA#wsdl.endpoint(esbrecargasaldoempresaa_client_ep/ESBRecargaSaldoEmpresaA_pt)"/>
    <callback>
      <binding.ws port="http://xmlns.oracle.com/RetoBBVA/SOAApp/ESBRecargaSaldoEmpresaA#wsdl.endpoint(esbrecargasaldoempresaa_client_ep/ESBRecargaSaldoEmpresaACallback_pt)"/>
    </callback>
  </service>
  <property name="productVersion" type="xs:string" many="false">12.2.1.3.0.170820</property>
  <property name="compositeID" type="xs:string" many="false">56c9f9bc-4c72-401c-81ab-7356902a1289</property>
  <component name="ESBTransferenciaCuenta" version="2.0">
    <implementation.bpel src="BPEL/ESBTransferenciaCuenta.bpel"/>
    <componentType>
      <service name="esbtransferenciacuenta_client" ui:wsdlLocation="WSDLs/ESBTransferenciaCuenta.wsdl">
        <interface.wsdl interface="http://xmlns.oracle.com/RetoBBVA/SOAApp/ESBTransferenciaCuenta#wsdl.interface(ESBTransferenciaCuenta)"
                        callbackInterface="http://xmlns.oracle.com/RetoBBVA/SOAApp/ESBTransferenciaCuenta#wsdl.interface(ESBTransferenciaCuentaCallback)"/>
      </service>
    </componentType>
    <property name="bpel.config.oneWayDeliveryPolicy" type="xs:string" many="false">async.persist</property>
  </component>
  <component name="ESBConsultaCuentaCliente" version="2.0">
    <implementation.bpel src="BPEL/ESBConsultaCuentaCliente.bpel"/>
    <componentType>
      <service name="esbconsultacuentacliente_client" ui:wsdlLocation="WSDLs/ESBConsultaCuentaCliente.wsdl">
        <interface.wsdl interface="http://xmlns.oracle.com/RetoBBVA/SOAApp/ESBConsultaCuentaCliente#wsdl.interface(ESBConsultaCuentaCliente)"
                        callbackInterface="http://xmlns.oracle.com/RetoBBVA/SOAApp/ESBConsultaCuentaCliente#wsdl.interface(ESBConsultaCuentaClienteCallback)"/>
      </service>
    </componentType>
    <property name="bpel.config.oneWayDeliveryPolicy" type="xs:string" many="false">async.persist</property>
  </component>
  <component name="ESBAutorizaTransferenciaCuenta" version="2.0">
    <implementation.bpel src="BPEL/ESBAutorizaTransferenciaCuenta.bpel"/>
    <componentType>
      <service name="esbautorizatransferenciacuenta_client" ui:wsdlLocation="WSDLs/ESBAutorizaTransferenciaCuenta.wsdl">
        <interface.wsdl interface="http://xmlns.oracle.com/RetoBBVA/SOAApp/ESBAutorizaTransferenciaCuenta#wsdl.interface(ESBAutorizaTransferenciaCuenta)"
                        callbackInterface="http://xmlns.oracle.com/RetoBBVA/SOAApp/ESBAutorizaTransferenciaCuenta#wsdl.interface(ESBAutorizaTransferenciaCuentaCallback)"/>
      </service>
      <reference name="esbconsultacuentacliente_client" ui:wsdlLocation="WSDLs/ESBConsultaCuentaCliente.wsdl">
        <interface.wsdl interface="http://xmlns.oracle.com/RetoBBVA/SOAApp/ESBConsultaCuentaCliente#wsdl.interface(ESBConsultaCuentaCliente)"
                        callbackInterface="http://xmlns.oracle.com/RetoBBVA/SOAApp/ESBConsultaCuentaCliente#wsdl.interface(ESBConsultaCuentaClienteCallback)"/>
      </reference>
    </componentType>
    <property name="bpel.config.oneWayDeliveryPolicy" type="xs:string" many="false">async.persist</property>
  </component>
  <component name="ESBAutorizaSaldoCliente" version="2.0">
    <implementation.bpel src="BPEL/ESBAutorizaSaldoCliente.bpel"/>
    <componentType>
      <service name="esbautorizasaldocliente_client" ui:wsdlLocation="WSDLs/ESBAutorizaSaldoCliente.wsdl">
        <interface.wsdl interface="http://xmlns.oracle.com/RetoBBVA/SOAApp/ESBAutorizaSaldoCliente#wsdl.interface(ESBAutorizaSaldoCliente)"
                        callbackInterface="http://xmlns.oracle.com/RetoBBVA/SOAApp/ESBAutorizaSaldoCliente#wsdl.interface(ESBAutorizaSaldoClienteCallback)"/>
      </service>
    </componentType>
    <property name="bpel.config.oneWayDeliveryPolicy" type="xs:string" many="false">async.persist</property>
  </component>
  <component name="ESBCargarSaldoCliente" version="2.0">
    <implementation.bpel src="BPEL/ESBCargarSaldoCliente.bpel"/>
    <componentType>
      <service name="esbcargarsaldocliente_client" ui:wsdlLocation="WSDLs/ESBCargarSaldoCliente.wsdl">
        <interface.wsdl interface="http://xmlns.oracle.com/RetoBBVA/SOAApp/ESBCargarSaldoCliente#wsdl.interface(ESBCargarSaldoCliente)"
                        callbackInterface="http://xmlns.oracle.com/RetoBBVA/SOAApp/ESBCargarSaldoCliente#wsdl.interface(ESBCargarSaldoClienteCallback)"/>
      </service>
    </componentType>
    <property name="bpel.config.oneWayDeliveryPolicy" type="xs:string" many="false">async.persist</property>
  </component>
  <component name="ESBAbonoEmpresaA" version="2.0">
    <implementation.bpel src="BPEL/ESBAbonoEmpresaA.bpel"/>
    <componentType>
      <service name="esbabonoempresaa_client" ui:wsdlLocation="WSDLs/ESBAbonoEmpresaA.wsdl">
        <interface.wsdl interface="http://xmlns.oracle.com/RetoBBVA/SOAApp/ESBAbonoEmpresaA#wsdl.interface(ESBAbonoEmpresaA)"
                        callbackInterface="http://xmlns.oracle.com/RetoBBVA/SOAApp/ESBAbonoEmpresaA#wsdl.interface(ESBAbonoEmpresaACallback)"/>
      </service>
    </componentType>
    <property name="bpel.config.oneWayDeliveryPolicy" type="xs:string" many="false">async.persist</property>
  </component>
  <component name="ESBTransferenciaCuentaEmpresaA" version="2.0">
    <implementation.bpel src="BPEL/ESBTransferenciaCuentaEmpresaA.bpel"/>
    <componentType>
      <service name="esbtransferenciacuentaempresaa_client" ui:wsdlLocation="WSDLs/ESBTransferenciaCuentaEmpresaA.wsdl">
        <interface.wsdl interface="http://xmlns.oracle.com/RetoBBVA/SOAApp/ESBTransferenciaCuentaEmpresaA#wsdl.interface(ESBTransferenciaCuentaEmpresaA)"
                        callbackInterface="http://xmlns.oracle.com/RetoBBVA/SOAApp/ESBTransferenciaCuentaEmpresaA#wsdl.interface(ESBTransferenciaCuentaEmpresaACallback)"/>
      </service>
      <reference name="esbconsultacuentacliente_client" ui:wsdlLocation="WSDLs/ESBConsultaCuentaCliente.wsdl">
        <interface.wsdl interface="http://xmlns.oracle.com/RetoBBVA/SOAApp/ESBConsultaCuentaCliente#wsdl.interface(ESBConsultaCuentaCliente)"
                        callbackInterface="http://xmlns.oracle.com/RetoBBVA/SOAApp/ESBConsultaCuentaCliente#wsdl.interface(ESBConsultaCuentaClienteCallback)"/>
      </reference>
      <reference name="esbautorizatransferenciacuenta_client"
                 ui:wsdlLocation="WSDLs/ESBAutorizaTransferenciaCuenta.wsdl">
        <interface.wsdl interface="http://xmlns.oracle.com/RetoBBVA/SOAApp/ESBAutorizaTransferenciaCuenta#wsdl.interface(ESBAutorizaTransferenciaCuenta)"
                        callbackInterface="http://xmlns.oracle.com/RetoBBVA/SOAApp/ESBAutorizaTransferenciaCuenta#wsdl.interface(ESBAutorizaTransferenciaCuentaCallback)"/>
      </reference>
      <reference name="esbabonoempresaa_client" ui:wsdlLocation="WSDLs/ESBAbonoEmpresaA.wsdl">
        <interface.wsdl interface="http://xmlns.oracle.com/RetoBBVA/SOAApp/ESBAbonoEmpresaA#wsdl.interface(ESBAbonoEmpresaA)"
                        callbackInterface="http://xmlns.oracle.com/RetoBBVA/SOAApp/ESBAbonoEmpresaA#wsdl.interface(ESBAbonoEmpresaACallback)"/>
      </reference>
    </componentType>
    <property name="bpel.config.oneWayDeliveryPolicy" type="xs:string" many="false">async.persist</property>
  </component>
  <component name="ESBRecargaSaldoEmpresaA" version="2.0">
    <implementation.bpel src="BPEL/ESBRecargaSaldoEmpresaA.bpel"/>
    <componentType>
      <service name="esbrecargasaldoempresaa_client" ui:wsdlLocation="WSDLs/ESBRecargaSaldoEmpresaA.wsdl">
        <interface.wsdl interface="http://xmlns.oracle.com/RetoBBVA/SOAApp/ESBRecargaSaldoEmpresaA#wsdl.interface(ESBRecargaSaldoEmpresaA)"
                        callbackInterface="http://xmlns.oracle.com/RetoBBVA/SOAApp/ESBRecargaSaldoEmpresaA#wsdl.interface(ESBRecargaSaldoEmpresaACallback)"/>
      </service>
      <reference name="esbconsultacuentacliente_client" ui:wsdlLocation="WSDLs/ESBConsultaCuentaCliente.wsdl">
        <interface.wsdl interface="http://xmlns.oracle.com/RetoBBVA/SOAApp/ESBConsultaCuentaCliente#wsdl.interface(ESBConsultaCuentaCliente)"
                        callbackInterface="http://xmlns.oracle.com/RetoBBVA/SOAApp/ESBConsultaCuentaCliente#wsdl.interface(ESBConsultaCuentaClienteCallback)"/>
      </reference>
      <reference name="esbautorizasaldocliente_client" ui:wsdlLocation="WSDLs/ESBAutorizaSaldoCliente.wsdl">
        <interface.wsdl interface="http://xmlns.oracle.com/RetoBBVA/SOAApp/ESBAutorizaSaldoCliente#wsdl.interface(ESBAutorizaSaldoCliente)"
                        callbackInterface="http://xmlns.oracle.com/RetoBBVA/SOAApp/ESBAutorizaSaldoCliente#wsdl.interface(ESBAutorizaSaldoClienteCallback)"/>
      </reference>
      <reference name="esbcargarsaldocliente_client" ui:wsdlLocation="WSDLs/ESBCargarSaldoCliente.wsdl">
        <interface.wsdl interface="http://xmlns.oracle.com/RetoBBVA/SOAApp/ESBCargarSaldoCliente#wsdl.interface(ESBCargarSaldoCliente)"
                        callbackInterface="http://xmlns.oracle.com/RetoBBVA/SOAApp/ESBCargarSaldoCliente#wsdl.interface(ESBCargarSaldoClienteCallback)"/>
      </reference>
      <reference name="esbabonoempresaa_client" ui:wsdlLocation="WSDLs/ESBAbonoEmpresaA.wsdl">
        <interface.wsdl interface="http://xmlns.oracle.com/RetoBBVA/SOAApp/ESBAbonoEmpresaA#wsdl.interface(ESBAbonoEmpresaA)"
                        callbackInterface="http://xmlns.oracle.com/RetoBBVA/SOAApp/ESBAbonoEmpresaA#wsdl.interface(ESBAbonoEmpresaACallback)"/>
      </reference>
    </componentType>
    <property name="bpel.config.oneWayDeliveryPolicy" type="xs:string" many="false">async.persist</property>
  </component>
  <reference name="esbconsultacuentacliente_client" ui:wsdlLocation="WSDLs/ESBConsultaCuentaCliente.wsdl">
    <interface.wsdl interface="http://xmlns.oracle.com/RetoBBVA/SOAApp/ESBConsultaCuentaCliente#wsdl.interface(ESBConsultaCuentaCliente)"
                    callbackInterface="http://xmlns.oracle.com/RetoBBVA/SOAApp/ESBConsultaCuentaCliente#wsdl.interface(ESBConsultaCuentaClienteCallback)"/>
    <binding.ws port="" location=""/>
    <callback>
      <binding.ws port=""/>
    </callback>
  </reference>
  <reference name="esbconsultacuentacliente_client_2" ui:wsdlLocation="WSDLs/ESBConsultaCuentaCliente.wsdl">
    <interface.wsdl interface="http://xmlns.oracle.com/RetoBBVA/SOAApp/ESBConsultaCuentaCliente#wsdl.interface(ESBConsultaCuentaCliente)"
                    callbackInterface="http://xmlns.oracle.com/RetoBBVA/SOAApp/ESBConsultaCuentaCliente#wsdl.interface(ESBConsultaCuentaClienteCallback)"/>
    <binding.ws port="" location=""/>
    <callback>
      <binding.ws port=""/>
    </callback>
  </reference>
  <reference name="esbautorizatransferenciacuenta_client" ui:wsdlLocation="WSDLs/ESBAutorizaTransferenciaCuenta.wsdl">
    <interface.wsdl interface="http://xmlns.oracle.com/RetoBBVA/SOAApp/ESBAutorizaTransferenciaCuenta#wsdl.interface(ESBAutorizaTransferenciaCuenta)"
                    callbackInterface="http://xmlns.oracle.com/RetoBBVA/SOAApp/ESBAutorizaTransferenciaCuenta#wsdl.interface(ESBAutorizaTransferenciaCuentaCallback)"/>
    <binding.ws port="" location=""/>
    <callback>
      <binding.ws port=""/>
    </callback>
  </reference>
  <reference name="esbabonoempresaa_client" ui:wsdlLocation="WSDLs/ESBAbonoEmpresaA.wsdl">
    <interface.wsdl interface="http://xmlns.oracle.com/RetoBBVA/SOAApp/ESBAbonoEmpresaA#wsdl.interface(ESBAbonoEmpresaA)"
                    callbackInterface="http://xmlns.oracle.com/RetoBBVA/SOAApp/ESBAbonoEmpresaA#wsdl.interface(ESBAbonoEmpresaACallback)"/>
    <binding.ws port="" location=""/>
    <callback>
      <binding.ws port=""/>
    </callback>
  </reference>
  <reference name="esbconsultacuentacliente_client_3" ui:wsdlLocation="WSDLs/ESBConsultaCuentaCliente.wsdl">
    <interface.wsdl interface="http://xmlns.oracle.com/RetoBBVA/SOAApp/ESBConsultaCuentaCliente#wsdl.interface(ESBConsultaCuentaCliente)"
                    callbackInterface="http://xmlns.oracle.com/RetoBBVA/SOAApp/ESBConsultaCuentaCliente#wsdl.interface(ESBConsultaCuentaClienteCallback)"/>
    <binding.ws port="" location=""/>
    <callback>
      <binding.ws port=""/>
    </callback>
  </reference>
  <reference name="esbautorizasaldocliente_client" ui:wsdlLocation="WSDLs/ESBAutorizaSaldoCliente.wsdl">
    <interface.wsdl interface="http://xmlns.oracle.com/RetoBBVA/SOAApp/ESBAutorizaSaldoCliente#wsdl.interface(ESBAutorizaSaldoCliente)"
                    callbackInterface="http://xmlns.oracle.com/RetoBBVA/SOAApp/ESBAutorizaSaldoCliente#wsdl.interface(ESBAutorizaSaldoClienteCallback)"/>
    <binding.ws port="" location=""/>
    <callback>
      <binding.ws port=""/>
    </callback>
  </reference>
  <reference name="esbcargarsaldocliente_client" ui:wsdlLocation="WSDLs/ESBCargarSaldoCliente.wsdl">
    <interface.wsdl interface="http://xmlns.oracle.com/RetoBBVA/SOAApp/ESBCargarSaldoCliente#wsdl.interface(ESBCargarSaldoCliente)"
                    callbackInterface="http://xmlns.oracle.com/RetoBBVA/SOAApp/ESBCargarSaldoCliente#wsdl.interface(ESBCargarSaldoClienteCallback)"/>
    <binding.ws port="" location=""/>
    <callback>
      <binding.ws port=""/>
    </callback>
  </reference>
  <reference name="esbabonoempresaa_client_2" ui:wsdlLocation="WSDLs/ESBAbonoEmpresaA.wsdl">
    <interface.wsdl interface="http://xmlns.oracle.com/RetoBBVA/SOAApp/ESBAbonoEmpresaA#wsdl.interface(ESBAbonoEmpresaA)"
                    callbackInterface="http://xmlns.oracle.com/RetoBBVA/SOAApp/ESBAbonoEmpresaA#wsdl.interface(ESBAbonoEmpresaACallback)"/>
    <binding.ws port="" location=""/>
    <callback>
      <binding.ws port=""/>
    </callback>
  </reference>
  <wire>
    <source.uri>esbtransferenciacuenta_client_ep</source.uri>
    <target.uri>ESBTransferenciaCuenta/esbtransferenciacuenta_client</target.uri>
  </wire>
  <wire>
    <source.uri>esbconsultacuentacliente_client_ep</source.uri>
    <target.uri>ESBConsultaCuentaCliente/esbconsultacuentacliente_client</target.uri>
  </wire>
  <wire>
    <source.uri>esbautorizatransferenciacuenta_client_ep</source.uri>
    <target.uri>ESBAutorizaTransferenciaCuenta/esbautorizatransferenciacuenta_client</target.uri>
  </wire>
  <wire>
    <source.uri>ESBAutorizaTransferenciaCuenta/esbconsultacuentacliente_client</source.uri>
    <target.uri>esbconsultacuentacliente_client</target.uri>
  </wire>
  <wire>
    <source.uri>esbautorizasaldocliente_client_ep</source.uri>
    <target.uri>ESBAutorizaSaldoCliente/esbautorizasaldocliente_client</target.uri>
  </wire>
  <wire>
    <source.uri>esbcargarsaldocliente_client_ep</source.uri>
    <target.uri>ESBCargarSaldoCliente/esbcargarsaldocliente_client</target.uri>
  </wire>
  <wire>
    <source.uri>esbabonoempresaa_client_ep</source.uri>
    <target.uri>ESBAbonoEmpresaA/esbabonoempresaa_client</target.uri>
  </wire>
  <wire>
    <source.uri>esbtransferenciacuentaempresaa_client_ep</source.uri>
    <target.uri>ESBTransferenciaCuentaEmpresaA/esbtransferenciacuentaempresaa_client</target.uri>
  </wire>
  <wire>
    <source.uri>ESBTransferenciaCuentaEmpresaA/esbconsultacuentacliente_client</source.uri>
    <target.uri>esbconsultacuentacliente_client_2</target.uri>
  </wire>
  <wire>
    <source.uri>ESBTransferenciaCuentaEmpresaA/esbautorizatransferenciacuenta_client</source.uri>
    <target.uri>esbautorizatransferenciacuenta_client</target.uri>
  </wire>
  <wire>
    <source.uri>ESBTransferenciaCuentaEmpresaA/esbabonoempresaa_client</source.uri>
    <target.uri>esbabonoempresaa_client</target.uri>
  </wire>
  <wire>
    <source.uri>esbrecargasaldoempresaa_client_ep</source.uri>
    <target.uri>ESBRecargaSaldoEmpresaA/esbrecargasaldoempresaa_client</target.uri>
  </wire>
  <wire>
    <source.uri>ESBRecargaSaldoEmpresaA/esbconsultacuentacliente_client</source.uri>
    <target.uri>esbconsultacuentacliente_client_3</target.uri>
  </wire>
  <wire>
    <source.uri>ESBRecargaSaldoEmpresaA/esbautorizasaldocliente_client</source.uri>
    <target.uri>esbautorizasaldocliente_client</target.uri>
  </wire>
  <wire>
    <source.uri>ESBRecargaSaldoEmpresaA/esbcargarsaldocliente_client</source.uri>
    <target.uri>esbcargarsaldocliente_client</target.uri>
  </wire>
  <wire>
    <source.uri>ESBRecargaSaldoEmpresaA/esbabonoempresaa_client</source.uri>
    <target.uri>esbabonoempresaa_client_2</target.uri>
  </wire>
</composite>
